mse,mae,mape
6557.533578438322,43.15751619526529,44.90713564663484
