mse,mae,mape
9287.997584788132,69.93688035804509,93.2898837579502
