mse,mae,mape
9046.173659409116,66.33394562654169,86.27505941894663
