mse,mae,mape
8399.729187198687,64.68338536073576,84.16159037313842
