mse,mae,mape
5937.387172772997,38.25096678765932,35.995874901881116
