mse,mae,mape
6470.795929661627,45.527178372550374,50.53044673346451
