mse,mae,mape
4086.685258911502,37.10973264898335,42.128638926254524
