mse,mae,mape
6499.4575012439145,48.23456035019932,56.57362015101018
