mse,mae,mape
5608.345772318041,43.1905721332146,47.449776255274635
