mse,mae,mape
4432.358523667189,34.71416117669247,36.10670505128522
